nid,Passenger Service Name,Description,Location Summary,Phone,Hours,Terminal,Security,Image,Map,Category,URL,Tags
3404,Animal Relief Areas,Fenced outdoor areas with water bowls and mutt mitt dispensers. Animal relief areas are accessible for the disabled. Look for painted paw-prints on the Arrivals Level curbside.,"Terminal 1, Courtyard 1, Arrivals/Baggage Claim Level",,"Daily, 24 hours",Terminal 1,Pre-Security,http://media.flysfo.com/AnimalRelief_850x677.jpg,http://media.flysfo.com/animal-relief-area_1.gif,Animal Relief Areas,http://www.flysfo.com/content/animal-relief-areas,
3404,Animal Relief Areas,Fenced outdoor areas with water bowls and mutt mitt dispensers. Animal relief areas are accessible for the disabled. Look for painted paw-prints on the Arrivals Level curbside.,"Terminal 2, Courtyard 3, Arrivals/Baggage Claim Level",,"Daily, 24 hours",Terminal 1,Pre-Security,http://media.flysfo.com/AnimalRelief_850x677.jpg,http://media.flysfo.com/animal-relief-area_1.gif,Animal Relief Areas,http://www.flysfo.com/content/animal-relief-areas,
3404,Animal Relief Areas,Fenced outdoor areas with water bowls and mutt mitt dispensers. Animal relief areas are accessible for the disabled. Look for painted paw-prints on the Arrivals Level curbside.,"Terminal 3, Courtyard 4, Arrivals/Baggage Claim Level",,"Daily, 24 hours",Terminal 1,Pre-Security,http://media.flysfo.com/AnimalRelief_850x677.jpg,http://media.flysfo.com/animal-relief-area_1.gif,Animal Relief Areas,http://www.flysfo.com/content/animal-relief-areas,
4306,"Automated Teller Machines (ATMs), International Terminal",,"Bank of America, Departures Level near the Food Court by Boarding Area A",,"Daily, 24 hours",International Terminal,Pre- and Post-Security,http://media.flysfo.com/ATM_850x677_2.jpg,http://media.flysfo.com/atms_1.gif,Automated Teller Machines,http://www.flysfo.com/content/automated-teller-machines-atms-international-terminal,
4306,"Automated Teller Machines (ATMs), International Terminal",,"Bank of America, Boarding Area A near Gate A2",,"Daily, 24 hours",International Terminal,Pre- and Post-Security,http://media.flysfo.com/ATM_850x677_2.jpg,http://media.flysfo.com/atms_1.gif,Automated Teller Machines,http://www.flysfo.com/content/automated-teller-machines-atms-international-terminal,
4306,"Automated Teller Machines (ATMs), International Terminal",,"Bank of America, Departures Level near the Food Court by Boarding Area G",,"Daily, 24 hours",International Terminal,Pre- and Post-Security,http://media.flysfo.com/ATM_850x677_2.jpg,http://media.flysfo.com/atms_1.gif,Automated Teller Machines,http://www.flysfo.com/content/automated-teller-machines-atms-international-terminal,
4306,"Automated Teller Machines (ATMs), International Terminal",,"Bank of America, Departures Level near Boarding Area G and the BART Station",,"Daily, 24 hours",International Terminal,Pre- and Post-Security,http://media.flysfo.com/ATM_850x677_2.jpg,http://media.flysfo.com/atms_1.gif,Automated Teller Machines,http://www.flysfo.com/content/automated-teller-machines-atms-international-terminal,
4306,"Automated Teller Machines (ATMs), International Terminal",,"Bank of America, Boarding Area G near Gate G92",,"Daily, 24 hours",International Terminal,Pre- and Post-Security,http://media.flysfo.com/ATM_850x677_2.jpg,http://media.flysfo.com/atms_1.gif,Automated Teller Machines,http://www.flysfo.com/content/automated-teller-machines-atms-international-terminal,
4306,"Automated Teller Machines (ATMs), International Terminal",,"Travelex Foreign Currency, Departures Level near the Food Court by Boarding Area A",,"Daily, 24 hours",International Terminal,Pre- and Post-Security,http://media.flysfo.com/ATM_850x677_2.jpg,http://media.flysfo.com/atms_1.gif,Automated Teller Machines,http://www.flysfo.com/content/automated-teller-machines-atms-international-terminal,
4306,"Automated Teller Machines (ATMs), International Terminal",,"Travelex Foreign Currency, Boarding Area A near Gate A10",,"Daily, 24 hours",International Terminal,Pre- and Post-Security,http://media.flysfo.com/ATM_850x677_2.jpg,http://media.flysfo.com/atms_1.gif,Automated Teller Machines,http://www.flysfo.com/content/automated-teller-machines-atms-international-terminal,
4306,"Automated Teller Machines (ATMs), International Terminal",,"Travelex Foreign Currency, Departures Level near the Food Court by Boarding Area G",,"Daily, 24 hours",International Terminal,Pre- and Post-Security,http://media.flysfo.com/ATM_850x677_2.jpg,http://media.flysfo.com/atms_1.gif,Automated Teller Machines,http://www.flysfo.com/content/automated-teller-machines-atms-international-terminal,
4306,"Automated Teller Machines (ATMs), International Terminal",,"Travelex Foreign Currency, Boarding Area G near Gate G91",,"Daily, 24 hours",International Terminal,Pre- and Post-Security,http://media.flysfo.com/ATM_850x677_2.jpg,http://media.flysfo.com/atms_1.gif,Automated Teller Machines,http://www.flysfo.com/content/automated-teller-machines-atms-international-terminal,
19092,"Automated Teller Machines (ATMs), Rental Car Center",,"Wells Fargo, Level 4",,"Daily, 24 hours",Rental Car Center,Pre-Security,http://media.flysfo.com/ATM_850x677_3.jpg,,Automated Teller Machines,http://www.flysfo.com/content/automated-teller-machines-atms-rental-car-center,
3406,"Automated Teller Machines (ATMs), Terminal 1",,"JPMorgan Chase, Boarding Area B near the nursery",,"Daily, 24 hours",Terminal 1,Pre- and Post-Security,http://media.flysfo.com/ATM_850x677.jpg,http://media.flysfo.com/atms_4.gif,Automated Teller Machines,http://www.flysfo.com/content/automated-teller-machines-atms-terminal-1,
3406,"Automated Teller Machines (ATMs), Terminal 1",,"JPMorgan Chase, Boarding Area C near Gate 43",,"Daily, 24 hours",Terminal 1,Pre- and Post-Security,http://media.flysfo.com/ATM_850x677.jpg,http://media.flysfo.com/atms_4.gif,Automated Teller Machines,http://www.flysfo.com/content/automated-teller-machines-atms-terminal-1,
3406,"Automated Teller Machines (ATMs), Terminal 1",,"Wells Fargo, Boarding Area B, Arrivals Level",,"Daily, 24 hours",Terminal 1,Pre- and Post-Security,http://media.flysfo.com/ATM_850x677.jpg,http://media.flysfo.com/atms_4.gif,Automated Teller Machines,http://www.flysfo.com/content/automated-teller-machines-atms-terminal-1,
3406,"Automated Teller Machines (ATMs), Terminal 1",,"Wells Fargo, Boarding Area B, pre-security",,"Daily, 24 hours",Terminal 1,Pre- and Post-Security,http://media.flysfo.com/ATM_850x677.jpg,http://media.flysfo.com/atms_4.gif,Automated Teller Machines,http://www.flysfo.com/content/automated-teller-machines-atms-terminal-1,
3406,"Automated Teller Machines (ATMs), Terminal 1",,"Wells Fargo, Boarding Area B near Gate 24",,"Daily, 24 hours",Terminal 1,Pre- and Post-Security,http://media.flysfo.com/ATM_850x677.jpg,http://media.flysfo.com/atms_4.gif,Automated Teller Machines,http://www.flysfo.com/content/automated-teller-machines-atms-terminal-1,
3406,"Automated Teller Machines (ATMs), Terminal 1",,"Wells Fargo, Boarding Area C near Gate 42",,"Daily, 24 hours",Terminal 1,Pre- and Post-Security,http://media.flysfo.com/ATM_850x677.jpg,http://media.flysfo.com/atms_4.gif,Automated Teller Machines,http://www.flysfo.com/content/automated-teller-machines-atms-terminal-1,
4304,"Automated Teller Machines (ATMs), Terminal 2",,"JPMorgan Chase, Arrivals Level, pre-security",,"Daily, 24 hours",Terminal 2,Pre- and Post-Security,http://media.flysfo.com/ATM_850x677_1.jpg,http://media.flysfo.com/atms.gif,Automated Teller Machines,http://www.flysfo.com/content/automated-teller-machines-atms-terminal-2,
4304,"Automated Teller Machines (ATMs), Terminal 2",,"JPMorgan Chase, Departures Level, pre-security",,"Daily, 24 hours",Terminal 2,Pre- and Post-Security,http://media.flysfo.com/ATM_850x677_1.jpg,http://media.flysfo.com/atms.gif,Automated Teller Machines,http://www.flysfo.com/content/automated-teller-machines-atms-terminal-2,
4304,"Automated Teller Machines (ATMs), Terminal 2",,"JPMorgan Chase, Boarding Area D near Gate 59B",,"Daily, 24 hours",Terminal 2,Pre- and Post-Security,http://media.flysfo.com/ATM_850x677_1.jpg,http://media.flysfo.com/atms.gif,Automated Teller Machines,http://www.flysfo.com/content/automated-teller-machines-atms-terminal-2,
4304,"Automated Teller Machines (ATMs), Terminal 2",,"JPMorgan Chase, Boarding Area D near the food court",,"Daily, 24 hours",Terminal 2,Pre- and Post-Security,http://media.flysfo.com/ATM_850x677_1.jpg,http://media.flysfo.com/atms.gif,Automated Teller Machines,http://www.flysfo.com/content/automated-teller-machines-atms-terminal-2,
4304,"Automated Teller Machines (ATMs), Terminal 2",,"Wells Fargo, Arrivals Level, pre-security",,"Daily, 24 hours",Terminal 2,Pre- and Post-Security,http://media.flysfo.com/ATM_850x677_1.jpg,http://media.flysfo.com/atms.gif,Automated Teller Machines,http://www.flysfo.com/content/automated-teller-machines-atms-terminal-2,
4304,"Automated Teller Machines (ATMs), Terminal 2",,"Wells Fargo, Departures Level, pre-security",,"Daily, 24 hours",Terminal 2,Pre- and Post-Security,http://media.flysfo.com/ATM_850x677_1.jpg,http://media.flysfo.com/atms.gif,Automated Teller Machines,http://www.flysfo.com/content/automated-teller-machines-atms-terminal-2,
4304,"Automated Teller Machines (ATMs), Terminal 2",,"Wells Fargo, Boarding Area D near Gate 59B",,"Daily, 24 hours",Terminal 2,Pre- and Post-Security,http://media.flysfo.com/ATM_850x677_1.jpg,http://media.flysfo.com/atms.gif,Automated Teller Machines,http://www.flysfo.com/content/automated-teller-machines-atms-terminal-2,
4305,"Automated Teller Machines (ATMs), Terminal 3",,"JPMorgan Chase, Boarding Area E near Gates 60 through 69",,"Daily, 24 hours",Terminal 3,Pre- and Post-Security,http://media.flysfo.com/ATM_850x677_0.jpg,http://media.flysfo.com/atms_5.gif,Automated Teller Machines,http://www.flysfo.com/content/automated-teller-machines-atms-terminal-3,
4305,"Automated Teller Machines (ATMs), Terminal 3",,"JPMorgan Chase, Boarding Area F near Gate 70",,"Daily, 24 hours",Terminal 3,Pre- and Post-Security,http://media.flysfo.com/ATM_850x677_0.jpg,http://media.flysfo.com/atms_5.gif,Automated Teller Machines,http://www.flysfo.com/content/automated-teller-machines-atms-terminal-3,
4305,"Automated Teller Machines (ATMs), Terminal 3",,"JPMorgan Chase, Boarding Area F near Gates 74 and 75",,"Daily, 24 hours",Terminal 3,Pre- and Post-Security,http://media.flysfo.com/ATM_850x677_0.jpg,http://media.flysfo.com/atms_5.gif,Automated Teller Machines,http://www.flysfo.com/content/automated-teller-machines-atms-terminal-3,
4305,"Automated Teller Machines (ATMs), Terminal 3",,"JPMorgan Chase, Boarding Area F near Gate 76",,"Daily, 24 hours",Terminal 3,Pre- and Post-Security,http://media.flysfo.com/ATM_850x677_0.jpg,http://media.flysfo.com/atms_5.gif,Automated Teller Machines,http://www.flysfo.com/content/automated-teller-machines-atms-terminal-3,
4305,"Automated Teller Machines (ATMs), Terminal 3",,"Wells Fargo, Boarding Area E, Arrivals Level",,"Daily, 24 hours",Terminal 3,Pre- and Post-Security,http://media.flysfo.com/ATM_850x677_0.jpg,http://media.flysfo.com/atms_5.gif,Automated Teller Machines,http://www.flysfo.com/content/automated-teller-machines-atms-terminal-3,
4305,"Automated Teller Machines (ATMs), Terminal 3",,"Wells Fargo, Boarding Area F, Arrivals Level",,"Daily, 24 hours",Terminal 3,Pre- and Post-Security,http://media.flysfo.com/ATM_850x677_0.jpg,http://media.flysfo.com/atms_5.gif,Automated Teller Machines,http://www.flysfo.com/content/automated-teller-machines-atms-terminal-3,
4305,"Automated Teller Machines (ATMs), Terminal 3",,"Wells Fargo, Boarding Area F near Gate 70",,"Daily, 24 hours",Terminal 3,Pre- and Post-Security,http://media.flysfo.com/ATM_850x677_0.jpg,http://media.flysfo.com/atms_5.gif,Automated Teller Machines,http://www.flysfo.com/content/automated-teller-machines-atms-terminal-3,
4305,"Automated Teller Machines (ATMs), Terminal 3",,"Wells Fargo, Boarding Area F near Gate 76",,"Daily, 24 hours",Terminal 3,Pre- and Post-Security,http://media.flysfo.com/ATM_850x677_0.jpg,http://media.flysfo.com/atms_5.gif,Automated Teller Machines,http://www.flysfo.com/content/automated-teller-machines-atms-terminal-3,
4333,"Automatic External Defibrillators (AEDs), International Terminal","AEDs are housed in cabinets in highly visible locations throughout the airport. When an AED is pulled from its cabinet, San Francisco Fire Paramedics and San Francisco Police are immediately dispatched to the scene.",Throughout the terminals,,,International Terminal,Pre- and Post-Security,http://media.flysfo.com/AED_850x677_2.jpg,,Automatic External Defibrillators,http://www.flysfo.com/content/automatic-external-defibrillators-aeds-international-terminal,
3407,"Automatic External Defibrillators (AEDs), Terminal 1","AEDs are housed in cabinets in highly visible locations throughout the airport. When an AED is pulled from its cabinet, San Francisco Fire Paramedics and San Francisco Police are immediately dispatched to the scene.",Throughout the terminal,,,Terminal 1,Pre- and Post-Security,http://media.flysfo.com/AED_850x677.jpg,,Automatic External Defibrillators,http://www.flysfo.com/content/automatic-external-defibrillators-aeds-terminal-1,
4330,"Automatic External Defibrillators (AEDs), Terminal 2","AEDs are housed in cabinets in highly visible locations throughout the airport. When an AED is pulled from its cabinet, San Francisco Fire Paramedics and San Francisco Police are immediately dispatched to the scene.",Throughout the terminals,,,Terminal 2,Pre- and Post-Security,http://media.flysfo.com/AED_850x677_0.jpg,,Automatic External Defibrillators,http://www.flysfo.com/content/automatic-external-defibrillators-aeds-terminal-2,
4331,"Automatic External Defibrillators (AEDs), Terminal 3","AEDs are housed in cabinets in highly visible locations throughout the airport. When an AED is pulled from its cabinet, San Francisco Fire Paramedics and San Francisco Police are immediately dispatched to the scene.",Throughout the terminals,,,Terminal 3,Pre- and Post-Security,http://media.flysfo.com/AED_850x677_1.jpg,,Automatic External Defibrillators,http://www.flysfo.com/content/automatic-external-defibrillators-aeds-terminal-3,
4344,"Baggage Assistance, International Terminal",Available to all departing customers upon request. Approach the curbside attendant or dial 9.821.9187 from telephones at the main entry doors. Arriving international customers will find porters and baggage carts in the Arrivals Hall.,"International Terminal, curbside for departing customers",650.821.9187,,International Terminal,Pre-Security,http://media.flysfo.com/BaggageAssistance_850x677_2.jpg,http://media.flysfo.com/baggage-assistance_3.gif,Baggage Assistance,http://www.flysfo.com/content/baggage-assistance-international-terminal,
4344,"Baggage Assistance, International Terminal",Available to all departing customers upon request. Approach the curbside attendant or dial 9.821.9187 from telephones at the main entry doors. Arriving international customers will find porters and baggage carts in the Arrivals Hall.,"International Terminal, Arrivals Hall for arriving customers",650.821.9187,,International Terminal,Pre-Security,http://media.flysfo.com/BaggageAssistance_850x677_2.jpg,http://media.flysfo.com/baggage-assistance_3.gif,Baggage Assistance,http://www.flysfo.com/content/baggage-assistance-international-terminal,
3408,"Baggage Assistance, Terminal 1","Baggage assistance is available to all departing customers upon request. At domestic terminals, customers should inquire with airline curbside check-in staff for assistance.",Arrivals/Baggage Claim Level of all terminals,,,Terminal 1,Pre-Security,http://media.flysfo.com/BaggageAssistance_850x677.jpg,http://media.flysfo.com/baggage-assistance_4.gif,Baggage Assistance,http://www.flysfo.com/content/baggage-assistance-terminal-1,
4307,"Baggage Assistance, Terminal 2","Baggage assistance is available to all departing customers upon request. At domestic terminals, customers should inquire with airline curbside check-in staff for assistance.",Arrivals/Baggage Claim Level of all terminals,,,Terminal 2,Pre-Security,http://media.flysfo.com/BaggageAssistance_850x677_0.jpg,http://media.flysfo.com/baggage-assistance_5.gif,Baggage Assistance,http://www.flysfo.com/content/baggage-assistance-terminal-2,
4336,"Baggage Assistance, Terminal 3","Baggage assistance is available to all departing customers upon request. At domestic terminals, customers should inquire with airline curbside check-in staff for assistance.<br>",Arrivals/Baggage Claim Level of all terminals,,,Terminal 3,Pre-Security,http://media.flysfo.com/BaggageAssistance_850x677_1.jpg,http://media.flysfo.com/baggage-assistance_6.gif,Baggage Assistance,http://www.flysfo.com/content/baggage-assistance-terminal-3,
3409,Baggage Wrapping Service,"Baggage wrapping services are available at:Airport Travel AgencyInternational Terminal Main Hall, pre-securityHours:Êdaily, 7:00 a.m. to 11:00 p.m.LMD Baggage Wrapping KioskInternational Terminal, Main Hall, pre-securityHours:Êdaily, 9:00 a.m. to 11:00 p.m.LMD Baggage Wrapping KioskTerminal 1, pre-securityHours:Êdaily, 5:00 a.m. to 1:00 p.m.",Airport Travel Agency,650.877.0422,,International Terminal,Pre-Security,http://media.flysfo.com/BaggageWrap_850x677.jpg,http://media.flysfo.com/baggage-wrapping_0.gif,Baggage Wrapping,http://www.flysfo.com/content/baggage-wrapping-service,
3409,Baggage Wrapping Service,"Baggage wrapping services are available at:Airport Travel AgencyInternational Terminal Main Hall, pre-securityHours:Êdaily, 7:00 a.m. to 11:00 p.m.LMD Baggage Wrapping KioskInternational Terminal, Main Hall, pre-securityHours:Êdaily, 9:00 a.m. to 11:00 p.m.LMD Baggage Wrapping KioskTerminal 1, pre-securityHours:Êdaily, 5:00 a.m. to 1:00 p.m.",LMD Baggage Wrapping Kiosk,650.877.0422,,International Terminal,Pre-Security,http://media.flysfo.com/BaggageWrap_850x677.jpg,http://media.flysfo.com/baggage-wrapping_0.gif,Baggage Wrapping,http://www.flysfo.com/content/baggage-wrapping-service,
3411,Berman Reflection Room,The Berman Reflection Room provides a center for quiet self-reflection and meditation.,"International Terminal, Main Hall",,"Daily, 7:00 a.m. to 11:00 p.m.",International Terminal,Pre-Security,http://media.flysfo.com/ReflectionRoom_850x677.jpg,http://media.flysfo.com/berman-reflection-room_0.gif,Berman Reflection Room,http://www.flysfo.com/content/berman-reflection-room-0,
4381,"Information Booths, Terminal 2",Information Booths are located throughout the terminals. Language assistance is available.,,,,Terminal 2,Pre- and Post-Security,http://media.flysfo.com/InformationT2_850x677.jpg,http://media.flysfo.com/info-booths_5.gif,Information Booths,http://www.flysfo.com/content/information-booths-terminal-2,
3131,Bicycle Assembly Stations,A convenient place to disassemble or assemble your bike. Bicycle tools are available at the Airport Travel Agency.,"International Terminal, parking area near Courtyard A",,"Daily, 24 hours; tools available daily, 7:00 a.m. to 11:00 p.m.",International Terminal,Pre-Security,http://media.flysfo.com/BikeAssembly.jpg,,Bicycle Assembly Stations,http://www.flysfo.com/content/bicycle-assembly-stations,
3131,Bicycle Assembly Stations,A convenient place to disassemble or assemble your bike. Bicycle tools are available at the Airport Travel Agency.,"International Terminal, parking area near Courtyard G",,"Daily, 24 hours; tools available daily, 7:00 a.m. to 11:00 p.m.",International Terminal,Pre-Security,http://media.flysfo.com/BikeAssembly.jpg,,Bicycle Assembly Stations,http://www.flysfo.com/content/bicycle-assembly-stations,
3131,Bicycle Assembly Stations,A convenient place to disassemble or assemble your bike. Bicycle tools are available at the Airport Travel Agency.,"Rental Car Center, Level 1",,"Daily, 24 hours; tools available daily, 7:00 a.m. to 11:00 p.m.",International Terminal,Pre-Security,http://media.flysfo.com/BikeAssembly.jpg,,Bicycle Assembly Stations,http://www.flysfo.com/content/bicycle-assembly-stations,
3132,Bicycle Parking,"Parking for bicycles for up to 14 days. Bicycles parked for more than 24 hours must be <a href=""/to-from/biking"">registered</a>.","Valet Parking, Domestic Garage, Level 4",,"Daily, 24 hours",International Terminal,Pre-Security,http://media.flysfo.com/BicycleParking_850x677_0.jpg,,Bicycle Parking,http://www.flysfo.com/content/bicycle-parking,
3132,Bicycle Parking,"Parking for bicycles for up to 14 days. Bicycles parked for more than 24 hours must be <a href=""/to-from/biking"">registered</a>.","International Terminal, Level 1, Courtyard A",,"Daily, 24 hours",International Terminal,Pre-Security,http://media.flysfo.com/BicycleParking_850x677_0.jpg,,Bicycle Parking,http://www.flysfo.com/content/bicycle-parking,
3132,Bicycle Parking,"Parking for bicycles for up to 14 days. Bicycles parked for more than 24 hours must be <a href=""/to-from/biking"">registered</a>.","International Terminal , Level 1, Courtyard G",,"Daily, 24 hours",International Terminal,Pre-Security,http://media.flysfo.com/BicycleParking_850x677_0.jpg,,Bicycle Parking,http://www.flysfo.com/content/bicycle-parking,
3132,Bicycle Parking,"Parking for bicycles for up to 14 days. Bicycles parked for more than 24 hours must be <a href=""/to-from/biking"">registered</a>.","SFO Rental Car Center, Level 1",,"Daily, 24 hours",International Terminal,Pre-Security,http://media.flysfo.com/BicycleParking_850x677_0.jpg,,Bicycle Parking,http://www.flysfo.com/content/bicycle-parking,
3132,Bicycle Parking,"Parking for bicycles for up to 14 days. Bicycles parked for more than 24 hours must be <a href=""/to-from/biking"">registered</a>.",Westfield Garage,,"Daily, 24 hours",International Terminal,Pre-Security,http://media.flysfo.com/BicycleParking_850x677_0.jpg,,Bicycle Parking,http://www.flysfo.com/content/bicycle-parking,
3412,Cell Phone Rentals and Business Services,"TripTel offers cell phone rentals, Internet, fax and copying services. Advanced reservations are recommended for cell phone rentals.<span style=""line-height: 1.538em;"">ÊFor more information, please visitÊ</span><a href=""http://www.triptel.com"" style=""line-height: 1.538em;"" target=""_blank"">www.triptel.com</a>.",International Terminal Main Hall Lobby,650.821.8000,"Daily, 8:00 a.m. to 8:30 p.m.",International Terminal,Pre-Security,http://media.flysfo.com/TripTel_850x677.jpg,http://media.flysfo.com/business-center-cell-phone-rental.gif,Cell Phone Rentals,http://www.flysfo.com/content/cell-phone-rentals-and-business-services,
3413,Change Machines,Machines that change United States paper currency to coins.,Arrivals/Baggage Claim Level of the International Terminal,,"Daily, 24 hours",International Terminal,Pre-Security,http://media.flysfo.com/ChangeMachine_850x677.jpg,,Change Machines,http://www.flysfo.com/content/change-machines,
3413,Change Machines,Machines that change United States paper currency to coins.,Arrivals/Baggage Claim Level of Terminal 1,,"Daily, 24 hours",International Terminal,Pre-Security,http://media.flysfo.com/ChangeMachine_850x677.jpg,,Change Machines,http://www.flysfo.com/content/change-machines,
3414,Christian Science Reading Room,"The Christian Science Reading Room is a quiet place to read, meditate or relax in a peaceful environment.Ê",near entrance to Gates 40-48,650.877.0105,"Daily, 8:00 a.m. to 10:00 p.m.",Terminal 1,Pre-Security,http://media.flysfo.com/ChristianScience_850x677.jpg,http://media.flysfo.com/christian-science-reading-room_2.gif,Christian Science Reading Room,http://www.flysfo.com/content/christian-science-reading-room-0,
4351,"CLEAR, International Terminal","CLEAR¨ offers expedited access to airport security lines in all SFO terminals through a biometric card. Visit <a href=""http://clearme.com"" target=""_blank"">clearme.com</a> for more information on becoming a member.",Boarding Area A and G Security Checkpoints,,"Daily, 5:00 a.m. to 9:00 p.m.",International Terminal,Pre-Security,http://media.flysfo.com/Clear_850x677_3.jpg,http://media.flysfo.com/clear_3.gif,CLEAR,http://www.flysfo.com/content/clear-international-terminal,
4346,"CLEAR, Terminal 1","CLEAR¨ offers expedited access to airport security lines in all SFO terminals through a biometric card. Visit <a href=""http://clearme.com"" target=""_blank"">clearme.com</a> for more information on becoming a member.",Boarding Area B and C Security Checkpoints,,"Daily, 5:00 a.m. to 9:00 p.m.",Terminal 1,Pre-Security,http://media.flysfo.com/Clear_850x677_2.jpg,http://media.flysfo.com/clear_4.gif,CLEAR,http://www.flysfo.com/content/clear-terminal-1,
3415,"CLEAR, Terminal 2","CLEAR¨ offers expedited access to airport security lines in all SFO terminals through a biometric card. Visit <a href=""http://clearme.com"" target=""_blank"">clearme.com</a> for more information on becoming a member.",Boarding Area D Security Checkpoint,,"Daily, 5:00 a.m. to 9:00 p.m.",Terminal 2,Pre-Security,http://media.flysfo.com/Clear_850x677.jpg,http://media.flysfo.com/clear_5.gif,CLEAR,http://www.flysfo.com/content/clear-terminal-2,
4348,"CLEAR, Terminal 3","CLEAR¨ offers expedited access to airport security lines in all SFO terminals through a biometric card. Visit <a href=""http://clearme.com"" target=""_blank"">clearme.com</a> for more information on becoming a member.","Boarding Area F, Security Checkpoints F1 and F3",,"Security Checkpoint F1, 5:00 a.m. to 5:30 p.m.; Security Checkpoint F3, 5:00 a.m. to 10:00 p.m.",Terminal 3,Pre-Security,http://media.flysfo.com/Clear_850x677_0.jpg,http://media.flysfo.com/clear_6.gif,CLEAR,http://www.flysfo.com/content/clear-terminal-3,
4634,"Coin-Operated Public Telephones, International Terminal",Coin-operated public telephones are located throughout the terminals.,,,,International Terminal,Pre- and Post-Security,http://media.flysfo.com/TelephonesDataports_850x677_2.jpg,http://media.flysfo.com/telephones.gif,Coin-Operated Public Telephones,http://www.flysfo.com/content/telephones-equipped-data-ports-international-terminal,
3436,"Coin-Operated Public Telephones, Terminal 1",Coin-operated public telephones are located throughout the terminals.,,,,Terminal 1,Pre- and Post-Security,http://media.flysfo.com/TelephonesDataports_850x677.jpg,http://media.flysfo.com/telephones_0.gif,Coin-Operated Public Telephones,http://www.flysfo.com/content/telephones-equipped-data-ports-terminal-1,
4632,"Coin-Operated Public Telephones, Terminal 2",Coin-operated public telephones are located throughout the terminals.,,,,Terminal 2,Pre- and Post-Security,http://media.flysfo.com/TelephonesDataports_850x677_0.jpg,http://media.flysfo.com/telephones-equipped-with-dataports_5.gif,Coin-Operated Public Telephones,http://www.flysfo.com/content/telephones-equipped-data-ports-terminal-2,
4633,"Coin-Operated Public Telephones, Terminal 3",Coin-operated public telephones are located throughout the terminals.,,,,Terminal 3,Pre- and Post-Security,http://media.flysfo.com/TelephonesDataports_850x677_1.jpg,http://media.flysfo.com/telephones-equipped-with-dataports_6.gif,Coin-Operated Public Telephones,http://www.flysfo.com/content/telephones-equipped-data-ports-terminal-3,
4369,"Companion Care Restroom Facilities, International Terminal",Restrooms for travelers needing companion assistance.,Pre-security on the Departures Level of the Main Hall,,"Daily, 24 hours",International Terminal,Pre- and Post-Security,http://media.flysfo.com/CompanionCare_850x677_2.jpg,http://media.flysfo.com/companion-family-restrooms.gif,Companion Care Restroom Facilities,http://www.flysfo.com/content/companion-care-restroom-facilities-international-terminal,
4369,"Companion Care Restroom Facilities, International Terminal",Restrooms for travelers needing companion assistance.,"Post-security in Boarding Area A near Gate A1, and post-security in Boarding Area G near Gate G102",,"Daily, 24 hours",International Terminal,Pre- and Post-Security,http://media.flysfo.com/CompanionCare_850x677_2.jpg,http://media.flysfo.com/companion-family-restrooms.gif,Companion Care Restroom Facilities,http://www.flysfo.com/content/companion-care-restroom-facilities-international-terminal,
3416,"Companion Care Restroom Facilities, Terminal 1",Restrooms for travelers needing companion assistance.,Pre-security on the Arrivals/Baggage Claim Level,,"Daily, 24 hours",Terminal 1,Pre- and Post-Security,http://media.flysfo.com/CompanionCare_850x677.jpg,http://media.flysfo.com/companion-family-restrooms_0.gif,Companion Care Restroom Facilities,http://www.flysfo.com/content/companion-care-restroom-facilities-terminal-1,
3416,"Companion Care Restroom Facilities, Terminal 1",Restrooms for travelers needing companion assistance.,"Departures/Ticketing Level and post-security, Boarding Area B, near Gate 23",,"Daily, 24 hours",Terminal 1,Pre- and Post-Security,http://media.flysfo.com/CompanionCare_850x677.jpg,http://media.flysfo.com/companion-family-restrooms_0.gif,Companion Care Restroom Facilities,http://www.flysfo.com/content/companion-care-restroom-facilities-terminal-1,
4364,"Companion Care Restroom Facilities, Terminal 2",Restrooms for travelers needing companion assistance.,Pre-security on the Arrivals/Baggage Claim Level,,"Daily, 24 hours",Terminal 2,Pre- and Post-Security,http://media.flysfo.com/CompanionCare_850x677_0.jpg,http://media.flysfo.com/companion-family-restrooms_1.gif,Companion Care Restroom Facilities,http://www.flysfo.com/content/companion-care-restroom-facilities-terminal-2,
4364,"Companion Care Restroom Facilities, Terminal 2",Restrooms for travelers needing companion assistance.,"Departures/Ticketing Level, post-security throughout Boarding Area D",,"Daily, 24 hours",Terminal 2,Pre- and Post-Security,http://media.flysfo.com/CompanionCare_850x677_0.jpg,http://media.flysfo.com/companion-family-restrooms_1.gif,Companion Care Restroom Facilities,http://www.flysfo.com/content/companion-care-restroom-facilities-terminal-2,
4368,"Companion Care Restroom Facilities, Terminal 3",Restrooms for travelers needing companion assistance.,"Post-security, Boarding Area E near Gate 69",,"Daily, 24 hours",Terminal 3,Pre- and Post-Security,http://media.flysfo.com/CompanionCare_850x677_1.jpg,http://media.flysfo.com/companion-family-restrooms_2.gif,Companion Care Restroom Facilities,http://www.flysfo.com/content/companion-care-restroom-facilities-terminal-3,
4368,"Companion Care Restroom Facilities, Terminal 3",Restrooms for travelers needing companion assistance.,Pre-security on the Mezzanine Level,,"Daily, 24 hours",Terminal 3,Pre- and Post-Security,http://media.flysfo.com/CompanionCare_850x677_1.jpg,http://media.flysfo.com/companion-family-restrooms_2.gif,Companion Care Restroom Facilities,http://www.flysfo.com/content/companion-care-restroom-facilities-terminal-3,
4368,"Companion Care Restroom Facilities, Terminal 3",Restrooms for travelers needing companion assistance.,"Post-security, Boarding Area F near the entrance to Gates 80 through 90",,"Daily, 24 hours",Terminal 3,Pre- and Post-Security,http://media.flysfo.com/CompanionCare_850x677_1.jpg,http://media.flysfo.com/companion-family-restrooms_2.gif,Companion Care Restroom Facilities,http://www.flysfo.com/content/companion-care-restroom-facilities-terminal-3,
4382,"Information Booths, Terminal 3",Information Booths are located throughout the terminals. Language assistance is available.,,,,Terminal 3,Pre- and Post-Security,http://media.flysfo.com/InfoBoothT3_850x677.jpg,http://media.flysfo.com/info-booths_6.gif,Information Booths,http://www.flysfo.com/content/information-booths-terminal-3,
3417,"Currency Exchange, International Terminal","Travelex America, Inc. has several currency exchange offices and automated currency exchange machines located throughout the International Terminal.Ê",International Terminal,650.821.0900,Vary due to flight scheduling,International Terminal,Pre- and Post-Security,http://media.flysfo.com/CurrencyExchange_850x677.jpg,http://media.flysfo.com/currency-exchange.gif,Currency Exchange,http://www.flysfo.com/content/currency-exchange-international-terminal,
4357,"Currency Exchange, Terminal 3","Travelex America, Inc. has a currency exchange office post-security in Terminal 3, Boarding Area F, near Gate 71.  Additional services offered include money orders and money transfers.",,650.821.0900,Vary due to flight scheduling,Terminal 3,Post-Security,http://media.flysfo.com/CurrencyExchange_850x677_0.jpg,http://media.flysfo.com/currency-exchange_1.gif,Currency Exchange,http://www.flysfo.com/content/currency-exchange-terminal-3,
3418,Customs Clearance Office,"The Customs Clearance office is located in the International Terminal Arrivals Lobby, Level 2, pre-security. Visit the <a href=""http://www.cbp.gov/"" target=""_blank"">U.S. Customs and Border Protection website</a> for the latest information on importing, exporting and traveler alerts.","Arrivals Lobby, Level 2",,"Monday-Friday, 8:00 a.m. to 3:00 p.m.",International Terminal,Pre-Security,http://media.flysfo.com/customs_0.jpg,http://media.flysfo.com/customs-clearance-office_0.gif,Customs Clearance Office,http://www.flysfo.com/content/customs-clearance-office,
3419,DVD and DVD Player Rentals,"InMotion Entertainment rents DVDs and DVD players for use at the airport or on a trip. For online rental information, please visit <a href=""http://inmotionstores.com/"" target=""_blank"">www.inmotionstores.com</a>.","International Terminal, Main Hall, pre-security",650.821.6252,"Daily, 8:00 a.m. to 12:00 a.m",International Terminal,Pre-Security,http://media.flysfo.com/Inmotion_850x677.jpg,http://media.flysfo.com/inmotion-enternainment_0.gif,DVD and DVD Player Rentals,http://www.flysfo.com/content/dvd-and-dvd-player-rentals,
3420,Global Entry Program,"A U.S. Customs and Border Protection (CBP) program for expedited clearance of pre-approved, low-risk travelers upon arrival in the United States. Visit <a href=""http://www.globalentry.gov/"" target=""_new"">www.globalentry.gov</a> for more information.","International Terminal, Arrivals Level",,"Monday-Saturday, 8:00 a.m. to 3:00 p.m., extended hours on Wednesday until 6:00 p.m.",International Terminal,Pre-Security,http://media.flysfo.com/GlobalEntry_850x677.jpg,http://media.flysfo.com/global-entry-enrollment-office_0.gif,Global Entry Program,http://www.flysfo.com/content/global-entry-program,
3421,"Hydration Stations, International Terminal","Water bottle refill stations area available at all terminals, post-security.","International Terminal, Boarding Area A near Gate A1",,"Daily, 24 hours",International Terminal,Post-Security,http://media.flysfo.com/HydrationStation_850x677.jpg,http://media.flysfo.com/hydration-station_3.gif,Hydration Stations,http://www.flysfo.com/content/hydration-stations-international-terminal,
3421,"Hydration Stations, International Terminal","Water bottle refill stations area available at all terminals, post-security.","International Terminal, Boarding Area G near Gate 93",,"Daily, 24 hours",International Terminal,Post-Security,http://media.flysfo.com/HydrationStation_850x677.jpg,http://media.flysfo.com/hydration-station_3.gif,Hydration Stations,http://www.flysfo.com/content/hydration-stations-international-terminal,
4372,"Hydration Stations, Terminal 1","Water bottle refill stations area available at all terminals, post-security.",Boarding Area B near Gate 23,,"Daily, 24 hours",Terminal 1,Post-Security,http://media.flysfo.com/HydrationStation_850x677_0.jpg,http://media.flysfo.com/hydration-station_4.gif,Hydration Stations,http://www.flysfo.com/content/hydration-stations-terminal-1,
4372,"Hydration Stations, Terminal 1","Water bottle refill stations area available at all terminals, post-security.",Boarding Area C near Gate 43,,"Daily, 24 hours",Terminal 1,Post-Security,http://media.flysfo.com/HydrationStation_850x677_0.jpg,http://media.flysfo.com/hydration-station_4.gif,Hydration Stations,http://www.flysfo.com/content/hydration-stations-terminal-1,
4377,"Hydration Stations, Terminal 2","Water bottle refill stations area available at all terminals, post-security.",Boarding Area D near Gates 51 and 58,,"Daily, 24 hours",Terminal 2,,http://media.flysfo.com/HydrationStation_850x677_2.jpg,http://media.flysfo.com/hydration-station_5.gif,Hydration Stations,http://www.flysfo.com/content/hydration-stations-terminal-2,
4374,"Hydration Stations, Terminal 3","Water bottle refill stations area available at all terminals, post-security.",Boarding Area E near Gate 68,,"Daily, 24 hours",Terminal 3,Post-Security,http://media.flysfo.com/HydrationStation_850x677_1.jpg,http://media.flysfo.com/hydration-station_6.gif,Hydration Stations,http://www.flysfo.com/content/hydration-stations-terminal-3,
4374,"Hydration Stations, Terminal 3","Water bottle refill stations area available at all terminals, post-security.",Boarding Area F near the entrance to Gates 80-90,,"Daily, 24 hours",Terminal 3,Post-Security,http://media.flysfo.com/HydrationStation_850x677_1.jpg,http://media.flysfo.com/hydration-station_6.gif,Hydration Stations,http://www.flysfo.com/content/hydration-stations-terminal-3,
4384,"Information Booths, International Terminal",Information Booths are located throughout the terminals. Language assistance is available.,,,,International Terminal,Pre- and Post-Security,http://media.flysfo.com/Volunteer_850x677_2.jpg,http://media.flysfo.com/info-booths_3.gif,Information Booths,http://www.flysfo.com/content/information-booths-international-terminal,
3422,"Information Booths, Terminal 1",Information Booths are located throughout the terminals. Language assistance is available.,,,,Terminal 1,Pre- and Post-Security,http://media.flysfo.com/InfoBoothT1_850x677.jpg,http://media.flysfo.com/info-booths_4.gif,Information Booths,http://www.flysfo.com/content/information-booths-terminal-1,
4610,"Lodging, Transportation and Attractions Boards, International Terminal","Free phone service to participating local hotels, motels, rental car companies, limousine services and local attractions.",Arrivals/Baggage Claim Level of all terminals,,,International Terminal,Pre-Security,,,"Lodging, Transportation and Attractions Boards",http://www.flysfo.com/content/lodging-transportation-and-attractions-boards-international-terminal,
4607,"Lodging, Transportation and Attractions Boards, Terminal 1","Free phone service to participating local hotels, motels, rental car companies, limousine services and local attractions.",Arrivals/Baggage Claim,,,Terminal 1,Pre-Security,,,"Lodging, Transportation and Attractions Boards",http://www.flysfo.com/content/lodging-transportation-and-attractions-boards-terminal-1,
4608,"Lodging, Transportation and Attractions Boards, Terminal 2","Free phone service to participating local hotels, motels, rental car companies, limousine services and local attractions.",Arrivals/Baggage Claim Level of all terminals,,,Terminal 2,Pre-Security,,,"Lodging, Transportation and Attractions Boards",http://www.flysfo.com/content/lodging-transportation-and-attractions-boards-terminal-2,
4609,"Lodging, Transportation and Attractions Boards, Terminal 3","Free phone service to participating local hotels, motels, rental car companies, limousine services and local attractions.",Arrivals/Baggage Claim Level of all terminals,,,Terminal 3,Pre-Security,,,"Lodging, Transportation and Attractions Boards",http://www.flysfo.com/content/lodging-transportation-and-attractions-boards-terminal-3,
3425,Lost & Found,"<a href=""/services-amenities/lost-and-found#sfolf"">SFO Lost & Found</a> holds items lost in the Terminals or on AirTrain.Ê<a href=""/services-amenities/lost-and-found#covenant"" style=""line-height: 1.538em;"">Covenant Lost & Found</a><span style=""line-height: 1.538em;""> holds items lost at the security checkpoints for 30 days. For items lost on airplanes, please contact your <a href=""/flight-info/airlines-at-sfo"">airline</a>.</span>",Arrivals Level in the Delta Baggage Claim area,,"Monday through Friday, 8:00 a.m. to 10:00 p.m. (closed legal holidays)",Terminal 1,Pre-Security,http://media.flysfo.com/LostFound_850x677.jpg,http://media.flysfo.com/lost-and-found_4.gif,Lost &amp; Found,http://www.flysfo.com/content/lost-found,
4613,"Luggage Carts, International Terminal","Smarte Carts are available for a fee throughout the terminals, garages and the Rental Car Center. Dispensers are located pre-security in all terminals, except Terminals 1 and 3, where they are available pre and post security. Luggage carts are provided free to arriving international travelers at Customs, courtesy of the San Francisco Airport Commission.",,,,International Terminal,Pre-Security,http://media.flysfo.com/LuggageCart_850x677_2.jpg,http://media.flysfo.com/luggage-carts_3.gif,Luggage Carts,http://www.flysfo.com/content/luggage-carts-international-terminal,
3426,"Luggage Carts, Terminal 1","Smarte Carts are available for a fee throughout the terminals, garages and the Rental Car Center. Dispensers are located pre-security in all terminals, except Terminals 1 and 3, where they are available pre and post security. Luggage carts are provided free to arriving international travelers at Customs, courtesy of the San Francisco Airport Commission.",,,,Terminal 1,Pre- and Post-Security,http://media.flysfo.com/LuggageCart_850x677.jpg,http://media.flysfo.com/luggage-carts_4.gif,Luggage Carts,http://www.flysfo.com/content/luggage-carts-terminal-1,
4611,"Luggage Carts, Terminal 2","Smarte Carts are available for a fee throughout the terminals, garages and the Rental Car Center. Dispensers are located pre-security in all terminals, except Terminals 1 and 3, where they are available pre and post security. Luggage carts are provided free to arriving international travelers at Customs, courtesy of the San Francisco Airport Commission.",,,,Terminal 2,Pre-Security,http://media.flysfo.com/LuggageCart_850x677_0.jpg,http://media.flysfo.com/luggage-carts_5.gif,Luggage Carts,http://www.flysfo.com/content/luggage-carts-terminal-2,
4612,"Luggage Carts, Terminal 3","Smarte Carts are available for a fee throughout the terminals, garages and the Rental Car Center. Dispensers are located pre-security in all terminals, except Terminals 1 and 3, where they are available pre and post security. Luggage carts are provided free to arriving international travelers at Customs, courtesy of the San Francisco Airport Commission.",,,,Terminal 3,Pre- and Post-Security,http://media.flysfo.com/LuggageCart_850x677_1.jpg,http://media.flysfo.com/luggage-carts_6.gif,Luggage Carts,http://www.flysfo.com/content/luggage-carts-terminal-3,
3427,"Mailboxes, International Terminal",Mailboxes are located curbside on the Departures/Ticketing Level at the end of all terminals.,Curbside on Departures/Ticketing Level,,,International Terminal,Pre-Security,http://media.flysfo.com/Mailbox_850x677.jpg,http://media.flysfo.com/mailboxes.gif,Mailboxes,http://www.flysfo.com/content/mailboxes-international-terminal,
4614,"Mailboxes, Terminal 1",Mailboxes are located curbside on the Departures/Ticketing Level at the end of all terminals.,,,,Terminal 1,Pre-Security,http://media.flysfo.com/Mailbox_850x677_0.jpg,http://media.flysfo.com/mailboxes_1.gif,Mailboxes,http://www.flysfo.com/content/mailboxes-terminal-1,
4615,"Mailboxes, Terminal 2",Mailboxes are located curbside on the Departures/Ticketing Level at the end of all terminals.,Curbside on Departures/Ticketing Level,,,Terminal 2,Pre-Security,http://media.flysfo.com/Mailbox_850x677_1.jpg,http://media.flysfo.com/mailboxes_2.gif,Mailboxes,http://www.flysfo.com/content/mailboxes-terminal-2,
4616,"Mailboxes, Terminal 3",Mailboxes are located curbside on the Departures/Ticketing Level at the end of all terminals.,Curbside on Departures/Ticketing Level,,,Terminal 3,Pre-Security,http://media.flysfo.com/Mailbox_850x677_2.jpg,http://media.flysfo.com/mailboxes_3.gif,Mailboxes,http://www.flysfo.com/content/mailboxes-terminal-3,
3428,Medical Clinic,"The <a href=""/services-amenities/medical-services"">SFO Medical Clinic</a> provides travel and occupational medical services.","International Terminal Main Hall, Departures Level",650.821.5600,"Monday-Friday, 7:00 a.m. to 7:00 p.m. and Saturday, 9:00 a.m. to 4:00 p.m.",International Terminal,Pre-Security,http://media.flysfo.com/MedicalClinic_850x677.jpg,http://media.flysfo.com/medical-clinic_3.gif,Medical Clinic,http://www.flysfo.com/content/medical-clinic,
4617,"Nurseries, Terminal 1","Private nursing rooms are available both pre-security and post-security in Terminals 1, 2 and 3. Use the Airport Courtesy Phones to request access.",,,,Terminal 1,Pre- and Post-Security,http://media.flysfo.com/Nursery_850x677_0.jpg,http://media.flysfo.com/nurseries.gif,Nurseries,http://www.flysfo.com/content/nurseries-terminal-1,
3429,"Nurseries, Terminal 2","Private nursing rooms are available both pre-security and post-security in Terminals 1, 2 and 3.Ê Use the Airport Courtesy Phones to request access.","Pre-security and post-security in Terminals 1, 2 and 3",,,Terminal 2,Pre- and Post-Security,http://media.flysfo.com/Nursery_850x677.jpg,http://media.flysfo.com/nurseries_1.gif,Nurseries,http://www.flysfo.com/content/nurseries-terminal-2,
4618,"Nurseries, Terminal 3","Private nursing rooms are available both pre-security and post-security in Terminals 1, 2 and 3.  Use the Airport Courtesy Phones to request access.",,,,Terminal 3,Pre- and Post-Security,http://media.flysfo.com/Nursery_850x677_1.jpg,http://media.flysfo.com/nurseries_2.gif,Nurseries,http://www.flysfo.com/content/nurseries-terminal-3,
4622,"Paging, International Terminal",Paging services are available by calling 1.800.I.FLY.SFO or 650.821.8211.  Select Ò2Ó for paging services. ,,650.821.8211,,International Terminal,Pre- and Post-Security,http://media.flysfo.com/Paging_850x677_3.jpg,,Paging,http://www.flysfo.com/content/paging-international-terminal,
4619,"Paging, Terminal 1",Paging services are available by calling 1.800.I.FLY.SFO or 650.821.8211.  Select Ò2Ó for paging services. ,,650.821.8211,,Terminal 1,Pre- and Post-Security,http://media.flysfo.com/Paging_850x677_0.jpg,,Paging,http://www.flysfo.com/content/paging-terminal-1,
4620,"Paging, Terminal 2",Paging services are available by calling 1.800.I.FLY.SFO or 650.821.8211.  Select Ò2Ó for paging services. ,,650.821.8211,,Terminal 2,Pre- and Post-Security,http://media.flysfo.com/Paging_850x677_1.jpg,,Paging,http://www.flysfo.com/content/paging-terminal-2,
4621,"Paging, Terminal 3",Paging services are available by calling 1.800.I.FLY.SFO or 650.821.8211.  Select Ò2Ó for paging services. ,,650.821.8211,,Terminal 3,Pre- and Post-Security,http://media.flysfo.com/Paging_850x677_2.jpg,,Paging,http://www.flysfo.com/content/paging-terminal-3,
3403,"Self Service Mailers, International Terminal",Self service mailers allow travelers to forward items prohibited from entering the security checkpoint area. Payment is via cash or credit card.,Security Checkpoint,,,International Terminal,Pre-Security,http://media.flysfo.com/SSAirportMailer_850x677_0.jpg,http://media.flysfo.com/security-checkpoint-mailers_4.gif,Self Service Mailers,http://www.flysfo.com/content/self-service-mailers-international-terminal,
4870,"Self Service Mailers, Terminal 1",Self service mailers allow travelers to forward items prohibited from entering the security checkpoint area. Payment is via cash or credit card.,Security Checkpoint,,,Terminal 1,Pre-Security,http://media.flysfo.com/SSAirportMailer_850x677_1.jpg,http://media.flysfo.com/security-checkpoint-mailers_2.gif,Self Service Mailers,http://www.flysfo.com/content/self-service-mailers-terminal-1,
4871,"Self Service Mailers, Terminal 2",Self service mailers allow travelers to forward items prohibited from entering the security checkpoint area. Payment is via cash or credit card.,Security Checkpoint,,,Terminal 2,Pre-Security,http://media.flysfo.com/SSAirportMailer_850x677_2.jpg,http://media.flysfo.com/security-checkpoint-mailers_0.gif,Self Service Mailers,http://www.flysfo.com/content/self-service-mailers-terminal-2,
4872,"Self Service Mailers, Terminal 3",Self service mailers allow travelers to forward items prohibited from entering the security checkpoint area. Payment is via cash or credit card.,Security Checkpoint,,,Terminal 3,Pre-Security,http://media.flysfo.com/SSAirportMailer_850x677_4.jpg,http://media.flysfo.com/security-checkpoint-mailers_3.gif,Self Service Mailers,http://www.flysfo.com/content/self-service-mailers-terminal-3,
4628,"Shoeshine, International Terminal","Shoeshines are available in the International Terminal, pre-security Main Hall inside Freshen Up!","Main Hall, pre-security",650.877.0798,"Daily, 7:00 a.m. to 11:00 p.m.",International Terminal,Pre-Security,http://media.flysfo.com/FreshenUp_850x677_2.jpg,http://media.flysfo.com/shoeshine_5.gif,Shoeshine,http://www.flysfo.com/content/shoeshine-international-terminal,
3432,"Shoeshine, Terminal 1","Shoeshines are available at Goodfellows in Terminal 1, Boarding Area B near Gate 24",Boarding Area B near Gate 24,510.774.8629,"Daily, 8:00 a.m. to 4:00 p.m.",Terminal 1,Post-Security,http://media.flysfo.com/Goodfellows_850x677.jpg,http://media.flysfo.com/shoeshine_6.gif,Shoeshine,http://www.flysfo.com/content/shoeshine-terminal-1,
4625,"Shoeshine, Terminal 2","Shoeshines are available at Goodfellows in Terminal 2, Boarding Area D",Boarding Area D,,"Daily, 5:00 a.m. to 8:00 p.m.",Terminal 2,Post-Security,http://media.flysfo.com/ShoeshineT2_850x677_1_0.jpg,http://media.flysfo.com/shoeshine_2.gif,Shoeshine,http://www.flysfo.com/content/shoeshine-terminal-2,
5280,"Shoeshine, Terminal 3","Shoeshines are available at Goodfellows in Terminal 3, Boarding Area E near Gate 69.",Boarding Area E near Gate 69,,"Daily, 5:00 a.m. to 8:00 p.m.",Terminal 3,Post-Security,http://media.flysfo.com/GoodfellowsT3E_850x677.jpg,http://media.flysfo.com/shoeshine_4.gif,Shoeshine,http://www.flysfo.com/content/shoeshine-terminal-3-1,
5113,"Shoeshine, Terminal 3","Shoeshines are available at Goodfellows in Terminal 3, Boarding Area F near Gate 84.Ê",Boarding Area F near Gate 84,,"Monday-Friday, 5:00 a.m. to 8:00 p.m. and Saturday-Sunday, 8:00 a.m. to 4:00 p.m.",Terminal 3,Post-Security,http://media.flysfo.com/Goodfellows_850x677_2.jpg,http://media.flysfo.com/shoeshine_9.gif,Shoeshine,http://www.flysfo.com/content/shoeshine-terminal-3-0,
4626,"Shoeshine, Terminal 3","Shoeshines are available at Goodfellows in Terminal 3, Boarding Area F near Gate 72.",Boarding Area F near Gate 72,,"Monday-Friday, 5:00 a.m. to 8:00 p.m., Saturday: 7:00 a.m. to 5:00 p.m. and Sunday: 7:00 a.m. to 8:00 p.m.",Terminal 3,Post-Security,http://media.flysfo.com/Goodfellows_850x677_1.jpg,http://media.flysfo.com/shoeshine_8.gif,Shoeshine,http://www.flysfo.com/content/shoeshine-terminal-3,
3433,Showers,"Freshen Up! offers shower facilities, toiletries, ironing facilities and undergarments.","Main Hall, pre-security",650.877.0798,"Daily, 6:00 a.m. to 11:00 p.m.",International Terminal,Pre-Security,http://media.flysfo.com/Freshen-UpIT_850x677_1.jpg,http://media.flysfo.com/freshen-up_0.gif,Showers,http://www.flysfo.com/content/showers,
3434,"Spa, International Terminal","XpresSpa offers spa services including massages, manicures, pedicures, facials and waxing.","International Terminal, Boarding Area G near Gate 100",650.821.1042,"Daily, 7:00 a.m. to 11:00 p.m.",International Terminal,Post-Security,http://media.flysfo.com/XpresSpaITG_850x677.jpg,http://media.flysfo.com/xpresspa_3.gif,Spa,http://www.flysfo.com/content/spa-international-terminal,
4630,"Spa, Terminal 2","XpresSpa offers spa services including massages, manicures, pedicures, facials and waxing.","Terminal 2, Boarding Area D Retail Street",650.821.9285,"Daily, 6:00 a.m. to 11:00 p.m.",Terminal 2,Post-Security,http://media.flysfo.com/XpresSpa_850x677_1.jpg,http://media.flysfo.com/xpresspa_4.gif,Spa,http://www.flysfo.com/content/spa-terminal-2,
4631,"Spa, Terminal 3","XpresSpa offers spa services including massages, manicures, pedicures, facials and waxing. Hair services are available at the location in Boarding Area E.",Boarding Area F near Gates 80-90,650.821.8531,"Daily, 6:00 a.m. to 11:00 p.m.",Terminal 3,Post-Security,http://media.flysfo.com/XpresSpaT3_850x677.jpg,http://media.flysfo.com/xpresspa_5.gif,Spa,http://www.flysfo.com/content/spa-terminal-3,
4631,"Spa, Terminal 3","XpresSpa offers spa services including massages, manicures, pedicures, facials and waxing. Hair services are available at the location in Boarding Area E.",Boarding Area E near Gate 60,650.821.8531,"Daily, 6:00 a.m. to 11:00 p.m.",Terminal 3,Post-Security,http://media.flysfo.com/XpresSpaT3_850x677.jpg,http://media.flysfo.com/xpresspa_5.gif,Spa,http://www.flysfo.com/content/spa-terminal-3,
3435,Storage Facilities,"Storage is exclusively available at the Airport Travel Agency for items such as luggage, dog kennels, golf equipment, surf equipment, skis, bicycles and canoes.Ê Prices vary according to item size.",Main Hall,650.877.0422,"Daily, 7:00 a.m. to 11:00 p.m.",International Terminal,Pre-Security,http://media.flysfo.com/AirportTravelAgency_850x677_0.jpg,http://media.flysfo.com/travel-agency_1.gif,Storage Facilities,http://www.flysfo.com/content/storage-facilities,
3437,Travel Agency,"Full service travel agency offering travel reservations and travel insurance.  Additional services include luggage storage; overnight express delivery; faxes and photocopies; baggage wrapping services; airline approved boxes for transporting bicycles and wine; carry-on or check-in size cargo bags; travel related items; pet carriers; infant and childrenÕs car seat rentals; computer use and passport photos.  Notary Public and monetary transfers are available Monday through Friday, 9:00 a.m. to 5:00 p.m.
","International Terminal, Main Hall",650.877.0422,"Daily, 7:00 a.m. to 11:00 p.m.",International Terminal,Pre-Security,http://media.flysfo.com/AirportTravelAgency_850x677.jpg,http://media.flysfo.com/travel-agency_2.gif,Travel Agency,http://www.flysfo.com/content/travel-agency,
4638,"Traveler's Workstations, International Terminal",Traveler workstations provide a comfortable work area where laptops can be charged. There is no cost to use the stations.  Located throughout the terminals.,,,,International Terminal,Pre- and Post-Security,http://media.flysfo.com/Workstation_850x677_0_3.jpg,http://media.flysfo.com/traveler-workstations.gif,Traveler&#039;s Workstations,http://www.flysfo.com/content/travelers-workstations-international-terminal,
4635,"Traveler's Workstations, Terminal 1",Traveler workstations provide a comfortable work area where laptops can be charged. There is no cost to use the stations.  Located throughout the terminals.,,,,Terminal 1,Pre- and Post-Security,http://media.flysfo.com/Workstation_850x677_0_0.jpg,http://media.flysfo.com/traveler-workstations_4.gif,Traveler&#039;s Workstations,http://www.flysfo.com/content/travelers-workstations-terminal-1,
4636,"Traveler's Workstations, Terminal 2",Traveler workstations provide a comfortable work area where laptops can be charged. There is no cost to use the stations.  Located throughout the terminals.,,,,Terminal 2,Pre- and Post-Security,http://media.flysfo.com/Workstation_850x677_0_1.jpg,http://media.flysfo.com/traveler-workstations_5.gif,Traveler&#039;s Workstations,http://www.flysfo.com/content/travelers-workstations-terminal-2,
4637,"Traveler's Workstations, Terminal 3",Traveler workstations provide a comfortable work area where laptops can be charged. There is no cost to use the stations.  Located throughout the terminals.,,,,Terminal 3,Pre- and Post-Security,http://media.flysfo.com/Workstation_850x677_0_2.jpg,http://media.flysfo.com/traveler-workstations_6.gif,Traveler&#039;s Workstations,http://www.flysfo.com/content/travelers-workstations-terminal-3,
3133,"TSA Precheck, Terminal 1","Expedited screening available through participating airlines and airports. Visit <a href=""http://www.tsa.gov/tsa-precheck"" target=""_blank"">TSA Precheck</a> for more information.",Boarding Area C Security Checkpoint,,"Daily, 4:00 a.m. to 12:00 a.m.",Terminal 1,Pre-Security,http://media.flysfo.com/TSA_850x677.jpg,http://media.flysfo.com/tsa-precheck_3.gif,TSA Precheck,http://www.flysfo.com/content/tsa-precheck-terminal-1,
4639,"TSA Precheck, Terminal 2",Expedited screening available through participating airlines and airports. Visit TSA Precheck for more information.,Boarding Area D Security Checkpoint,,"Daily, 4:30 a.m. to 5:00 p.m.",Terminal 2,Pre-Security,http://media.flysfo.com/TSA_850x677_0.jpg,http://media.flysfo.com/tsa-precheck_5.gif,TSA Precheck,http://www.flysfo.com/content/tsa-precheck-terminal-2,
4640,"TSA Precheck, Terminal 3",Expedited screening available through participating airlines and airports. Visit TSA Precheck for more information.,"Terminal 3, Boarding Area F Security Checkpoint",,"Daily, 4:30 a.m. to 12:00 a.m.",Terminal 3,Pre-Security,http://media.flysfo.com/TSA_850x677_1.jpg,http://media.flysfo.com/tsa-precheck_4.gif,TSA Precheck,http://www.flysfo.com/content/tsa-precheck-terminal-3,
4642,"TTY, International Terminal",Phone service for deaf and hard of hearing people. Coin and credit card operated TTY units are available 24 hours a day.,Departures/Ticketing and Arrivals/Baggage Claim levels,,,International Terminal,Pre- and Post-Security,http://media.flysfo.com/TTY_850x677_1.jpg,http://media.flysfo.com/tty_10.gif,TTY,http://www.flysfo.com/content/tty-international-terminal,
3439,"TTY, Terminal 1",Phone service for deaf and hard of hearing people. Coin and credit card operated TTY units are available 24 hours a day.,Departures/Ticketing and Arrivals/Baggage Claim levels,,,Terminal 1,Pre- and Post-Security,http://media.flysfo.com/TTY_850x677.jpg,http://media.flysfo.com/tty_9.gif,TTY,http://www.flysfo.com/content/tty-terminal-1,
4873,"TTY, Terminal 2",Phone service for deaf and hard of hearing people. Coin and credit card operated TTY units are available 24 hours a day.,Departures/Ticketing and Arrivals/Baggage Claim levels,,,Terminal 2,Pre- and Post-Security,http://media.flysfo.com/TTY_850x677_2.jpg,http://media.flysfo.com/tty_8.gif,TTY,http://www.flysfo.com/content/tty-terminal-2,
4641,"TTY, Terminal 3",Phone service for deaf and hard of hearing people. Coin and credit card operated TTY units are available 24 hours a day.,Departures/Ticketing and Arrivals/Baggage Claim levels,,,Terminal 3,Pre- and Post-Security,http://media.flysfo.com/TTY_850x677_0.jpg,http://media.flysfo.com/tty_7.gif,TTY,http://www.flysfo.com/content/tty-terminal-3,
3440,USO,"The <a href=""/services-amenities/military"">USO</a> is a pre-security lounge for travelling United States Armed Forces members and their families.","Terminal 1, Mezzanine Level",650.761.4611,"Daily, 24 hours",Terminal 1,Pre-Security,http://media.flysfo.com/USO_850x677.jpg,http://media.flysfo.com/usd_0.gif,USO,http://www.flysfo.com/content/uso,
5174,Wag Brigade,"Therapy dogs certified by the San Francisco SPCA and accompanied by their handlers. Look for vests that read ""Pet Me!""","Departures Level, near airline check-in counters and inside the Boarding Area",,"Monday through Friday, various hours",Terminal 3,Pre- and Post-Security,http://media.flysfo.com/WagBrigade_850x677.jpg,,Wag Brigade,http://www.flysfo.com/content/wag-brigade,
4645,"Wheelchairs, International Terminal","Please check with your <a href=""http://www.flysfo.com/flight-info/airlines-at-sfo"">airline</a> when making flight arrangements. At the airport, customers should proceed to their airlineÕs assigned counter or dial 1-6210 from specially marked phones at all terminal entry doors.",Airline ticket counter,,,International Terminal,Pre- and Post-Security,http://media.flysfo.com/Wheelchair_850x677_2.jpg,http://media.flysfo.com/wheelchairs_3.gif,Wheelchairs,http://www.flysfo.com/content/wheelchairs-international-terminal,
3441,"Wheelchairs, Terminal 1","Please check with your <a href=""http://www.flysfo.com/flight-info/airlines-at-sfo"">airline</a> when making flight arrangements. At the airport, customers with wheelchair requests should approach an airline representative.",Curbside and terminal check-in areas,,,Terminal 1,Pre- and Post-Security,http://media.flysfo.com/Wheelchair_850x677.jpg,http://media.flysfo.com/wheelchairs_4.gif,Wheelchairs,http://www.flysfo.com/content/wheelchairs-terminal-1,
4643,"Wheelchairs, Terminal 2","Please check with your <a href=""http://www.flysfo.com/flight-info/airlines-at-sfo"">airline</a> when making flight arrangements. At the airport, customers with wheelchair requests should approach an airline representative.",Curbside and terminal check-in areas,,,Terminal 2,Pre- and Post-Security,http://media.flysfo.com/Wheelchair_850x677_0.jpg,http://media.flysfo.com/wheelchairs_5.gif,Wheelchairs,http://www.flysfo.com/content/wheelchairs-terminal-2,
4644,"Wheelchairs, Terminal 3","Please check with your <a href=""http://www.flysfo.com/flight-info/airlines-at-sfo"">airline</a> when making flight arrangements. At the airport, customers with wheelchair requests should approach an airline representative.",Curbside and terminal check-in areas,,,Terminal 3,Pre- and Post-Security,http://media.flysfo.com/Wheelchair_850x677_1.jpg,http://media.flysfo.com/wheelchairs_6.gif,Wheelchairs,http://www.flysfo.com/content/wheelchairs-terminal-3,
4648,"Wireless Internet Access (WiFi), International Terminal","Free WiFi service is available in all terminals.To access free WiFi at SFO:1. Select the Wi-Fi network named ""#SFO FREE WIFI""2. Launch your browser3. Check acceptance of Service Terms and Conditions4. Click the ""Connect"" button to access the Internet",,,,International Terminal,Pre- and Post-Security,,http://media.flysfo.com/wireless-internet-access-(wi-fi)_3.gif,Wireless Internet Access (WiFi),http://www.flysfo.com/content/wireless-internet-access-wifi-international-terminal,
3442,"Wireless Internet Access (WiFi), Terminal 1","Free WiFi service is available in all terminals.To access free WiFi at SFO:1. Select the Wi-Fi network named ""#SFO FREE WIFI""2. Launch your browser3. Check acceptance of Service Terms and Conditions4. Click the ""Connect"" button to access the Internet",,,,Terminal 1,Pre- and Post-Security,http://media.flysfo.com/Wifi-Hotspots.gif,http://media.flysfo.com/wireless-internet-access-(wi-fi)_4.gif,Wireless Internet Access (WiFi),http://www.flysfo.com/content/wireless-internet-access-wifi-terminal-1,
4646,"Wireless Internet Access (WiFi), Terminal 2","Free WiFi service is available in all terminals.To access free WiFi at SFO:1. Select the Wi-Fi network named ""#SFO FREE WIFI""2. Launch your browser3. Check acceptance of Service Terms and Conditions4. Click the ""Connect"" button to access the Internet",,,,Terminal 2,Pre- and Post-Security,,http://media.flysfo.com/wireless-internet-access-(wi-fi)_5.gif,Wireless Internet Access (WiFi),http://www.flysfo.com/content/wireless-internet-access-wifi-terminal-2,
4647,"Wireless Internet Access (WiFi), Terminal 3","Free WiFi service is available in all terminals.To access free WiFi at SFO:1. Select the Wi-Fi network named ""#SFO FREE WIFI""2. Launch your browser3. Check acceptance of Service Terms and Conditions4. Click the ""Connect"" button to access the Internet",,,,Terminal 3,Pre- and Post-Security,http://media.flysfo.com/Wifi-Hotspots_0.gif,http://media.flysfo.com/wireless-internet-access-(wi-fi)_6.gif,Wireless Internet Access (WiFi),http://www.flysfo.com/content/wireless-internet-access-wifi-terminal-3,
5259,Yoga Room,"Space devoted to relaxation, self-reflection and practicing yoga. There is no charge to use the facility.",Boarding Area E near Gate 69,,"Daily, 24 hours",Terminal 3,Post-Security,http://media.flysfo.com/YogaRoomT3_850x677.jpg,http://media.flysfo.com/yoga-room_5.gif,Yoga Room,http://www.flysfo.com/content/yoga-room-2,
3443,Yoga Room,"Space devoted to relaxation, self-reflection and practicing yoga. There is no charge to use the facility.","Secure connector between Terminal 1, Boarding Area C and Terminal 2, Boarding Area D",,,Terminal 2,Post-Security,http://media.flysfo.com/yoga-room-T2_850x677.jpg,http://media.flysfo.com/yoga-room_4.gif,Yoga Room,http://www.flysfo.com/content/yoga-room-0,
